follower_id,followee_id,created_at
2,1,01/07/2024 05:00
2,3,01/07/2024 08:00
2,4,01/07/2024 09:00
2,5,01/07/2024 09:00
2,6,01/07/2024 13:00
2,7,01/07/2024 15:00
2,8,01/07/2024 17:00
2,9,01/07/2024 18:00
2,10,01/07/2024 19:00
2,11,01/07/2024 20:00
2,12,01/07/2024 20:00
2,13,01/07/2024 22:00
2,14,01/07/2024 22:00
2,15,02/07/2024 00:00
2,16,02/07/2024 02:00
2,17,02/07/2024 03:00
2,18,02/07/2024 05:00
2,19,02/07/2024 05:00
2,20,02/07/2024 06:00
2,21,02/07/2024 07:00
2,22,02/07/2024 07:00
2,23,02/07/2024 07:00
2,24,02/07/2024 07:00
2,25,02/07/2024 08:00
2,26,02/07/2024 08:00
2,27,02/07/2024 08:00
2,28,02/07/2024 09:00
2,29,02/07/2024 09:00
2,30,02/07/2024 10:00
2,31,02/07/2024 10:00
2,32,02/07/2024 10:00
2,33,02/07/2024 10:00
2,34,02/07/2024 11:00
2,35,02/07/2024 11:00
2,36,02/07/2024 12:00
2,37,02/07/2024 12:00
2,38,02/07/2024 13:00
2,39,02/07/2024 13:00
2,40,02/07/2024 13:00
2,41,02/07/2024 14:00
2,42,02/07/2024 14:00
2,43,02/07/2024 14:00
2,44,02/07/2024 15:00
2,45,02/07/2024 15:00
2,46,02/07/2024 15:00
2,47,02/07/2024 15:00
2,48,02/07/2024 15:00
2,49,02/07/2024 16:00
2,50,02/07/2024 16:00
2,51,02/07/2024 17:00
2,52,02/07/2024 17:00
2,53,02/07/2024 17:00
2,54,02/07/2024 17:00
2,55,02/07/2024 17:00
2,56,02/07/2024 17:00
2,57,02/07/2024 17:00
2,58,02/07/2024 18:00
2,59,02/07/2024 18:00
2,60,02/07/2024 18:00
2,61,02/07/2024 18:00
2,62,02/07/2024 18:00
2,63,02/07/2024 19:00
2,64,02/07/2024 19:00
2,65,02/07/2024 19:00
2,66,02/07/2024 19:00
2,67,02/07/2024 19:00
2,68,02/07/2024 20:00
2,69,02/07/2024 20:00
2,70,02/07/2024 20:00
2,71,02/07/2024 20:00
2,72,02/07/2024 20:00
2,73,02/07/2024 20:00
2,74,02/07/2024 20:00
2,75,02/07/2024 20:00
2,76,02/07/2024 21:00
2,77,02/07/2024 21:00
2,78,02/07/2024 22:00
2,79,02/07/2024 22:00
2,80,02/07/2024 22:00
2,81,02/07/2024 22:00
2,82,02/07/2024 22:00
2,83,02/07/2024 23:00
2,84,02/07/2024 23:00
2,85,02/07/2024 23:00
2,86,02/07/2024 23:00
2,87,02/07/2024 23:00
2,88,02/07/2024 23:00
2,89,02/07/2024 23:00
2,90,02/07/2024 23:00
2,91,03/07/2024 00:00
2,92,03/07/2024 00:00
2,93,03/07/2024 01:00
2,94,03/07/2024 01:00
2,95,03/07/2024 01:00
2,96,03/07/2024 01:00
2,97,03/07/2024 01:00
2,98,03/07/2024 01:00
2,99,03/07/2024 01:00
2,100,03/07/2024 01:00
3,1,03/07/2024 01:00
3,2,03/07/2024 02:00
3,4,03/07/2024 02:00
3,5,03/07/2024 02:00
3,6,03/07/2024 02:00
3,7,03/07/2024 02:00
3,8,03/07/2024 02:00
3,9,03/07/2024 02:00
3,10,03/07/2024 03:00
3,11,03/07/2024 03:00
3,12,03/07/2024 03:00
3,13,03/07/2024 04:00
3,14,03/07/2024 04:00
3,15,03/07/2024 04:00
3,16,03/07/2024 04:00
3,17,03/07/2024 04:00
3,18,03/07/2024 04:00
3,19,03/07/2024 04:00
3,20,03/07/2024 05:00
3,21,03/07/2024 05:00
3,22,03/07/2024 05:00
3,23,03/07/2024 05:00
3,24,03/07/2024 05:00
3,25,03/07/2024 05:00
3,26,03/07/2024 05:00
3,27,03/07/2024 05:00
3,28,03/07/2024 05:00
3,29,03/07/2024 06:00
3,30,03/07/2024 06:00
3,31,03/07/2024 06:00
3,32,03/07/2024 06:00
3,33,03/07/2024 06:00
3,34,03/07/2024 06:00
3,35,03/07/2024 07:00
3,36,03/07/2024 07:00
3,37,03/07/2024 07:00
3,38,03/07/2024 07:00
3,39,03/07/2024 07:00
3,40,03/07/2024 07:00
3,41,03/07/2024 07:00
3,42,03/07/2024 07:00
3,43,03/07/2024 07:00
3,44,03/07/2024 08:00
3,45,03/07/2024 08:00
3,46,03/07/2024 08:00
3,47,03/07/2024 08:00
3,48,03/07/2024 08:00
3,49,03/07/2024 09:00
3,50,03/07/2024 09:00
3,51,03/07/2024 09:00
3,52,03/07/2024 09:00
3,53,03/07/2024 09:00
3,54,03/07/2024 09:00
3,55,03/07/2024 09:00
3,56,03/07/2024 09:00
3,57,03/07/2024 09:00
3,58,03/07/2024 09:00
3,59,03/07/2024 09:00
3,60,03/07/2024 09:00
3,61,03/07/2024 10:00
3,62,03/07/2024 10:00
3,63,03/07/2024 10:00
3,64,03/07/2024 10:00
3,65,03/07/2024 10:00
3,66,03/07/2024 10:00
3,67,03/07/2024 10:00
3,68,03/07/2024 10:00
3,69,03/07/2024 10:00
3,70,03/07/2024 10:00
3,71,03/07/2024 10:00
3,72,03/07/2024 10:00
3,73,03/07/2024 10:00
3,74,03/07/2024 11:00
3,75,03/07/2024 11:00
3,76,03/07/2024 11:00
3,77,03/07/2024 11:00
3,78,03/07/2024 11:00
3,79,03/07/2024 11:00
3,80,03/07/2024 11:00
3,81,03/07/2024 11:00
3,82,03/07/2024 11:00
3,83,03/07/2024 11:00
3,84,03/07/2024 11:00
3,85,03/07/2024 12:00
3,86,03/07/2024 12:00
3,87,03/07/2024 12:00
3,88,03/07/2024 12:00
3,89,03/07/2024 12:00
3,90,03/07/2024 12:00
3,91,03/07/2024 12:00
3,92,03/07/2024 12:00
3,93,03/07/2024 12:00
3,94,03/07/2024 12:00
3,95,03/07/2024 12:00
3,96,03/07/2024 12:00
3,97,03/07/2024 12:00
3,98,03/07/2024 12:00
3,99,03/07/2024 12:00
3,100,03/07/2024 12:00
4,1,03/07/2024 12:00
4,2,03/07/2024 13:00
4,3,03/07/2024 13:00
4,5,03/07/2024 13:00
4,6,03/07/2024 13:00
4,7,03/07/2024 13:00
4,8,03/07/2024 13:00
4,9,03/07/2024 13:00
4,10,03/07/2024 13:00
4,11,03/07/2024 13:00
4,12,03/07/2024 14:00
4,13,03/07/2024 14:00
4,14,03/07/2024 14:00
4,15,03/07/2024 14:00
4,16,03/07/2024 14:00
4,17,03/07/2024 14:00
4,18,03/07/2024 14:00
4,19,03/07/2024 14:00
4,20,03/07/2024 14:00
4,21,03/07/2024 14:00
4,22,03/07/2024 14:00
4,23,03/07/2024 14:00
4,24,03/07/2024 15:00
4,25,03/07/2024 15:00
4,26,03/07/2024 15:00
4,27,03/07/2024 15:00
4,28,03/07/2024 15:00
4,29,03/07/2024 15:00
4,30,03/07/2024 15:00
4,31,03/07/2024 15:00
4,32,03/07/2024 15:00
4,33,03/07/2024 15:00
4,34,03/07/2024 15:00
4,35,03/07/2024 16:00
4,36,03/07/2024 16:00
4,37,03/07/2024 16:00
4,38,03/07/2024 16:00
4,39,03/07/2024 16:00
4,40,03/07/2024 16:00
4,41,03/07/2024 16:00
4,42,03/07/2024 16:00
4,43,03/07/2024 16:00
4,44,03/07/2024 16:00
4,45,03/07/2024 17:00
4,46,03/07/2024 17:00
4,47,03/07/2024 17:00
4,48,03/07/2024 17:00
4,49,03/07/2024 17:00
4,50,03/07/2024 17:00
4,51,03/07/2024 17:00
4,52,03/07/2024 17:00
4,53,03/07/2024 17:00
4,54,03/07/2024 18:00
4,55,03/07/2024 18:00
4,56,03/07/2024 18:00
4,57,03/07/2024 18:00
4,58,03/07/2024 18:00
4,59,03/07/2024 18:00
4,60,03/07/2024 18:00
4,61,03/07/2024 18:00
4,62,03/07/2024 18:00
4,63,03/07/2024 18:00
4,64,03/07/2024 18:00
4,65,03/07/2024 18:00
4,66,03/07/2024 18:00
4,67,03/07/2024 18:00
4,68,03/07/2024 19:00
4,69,03/07/2024 19:00
4,70,03/07/2024 19:00
4,71,03/07/2024 19:00
4,72,03/07/2024 19:00
4,73,03/07/2024 19:00
4,74,03/07/2024 19:00
4,75,03/07/2024 19:00
4,76,03/07/2024 19:00
4,77,03/07/2024 19:00
4,78,03/07/2024 19:00
4,79,03/07/2024 19:00
4,80,03/07/2024 19:00
4,81,03/07/2024 20:00
4,82,03/07/2024 20:00
4,83,03/07/2024 20:00
4,84,03/07/2024 20:00
4,85,03/07/2024 20:00
4,86,03/07/2024 20:00
4,87,03/07/2024 20:00
4,88,03/07/2024 20:00
4,89,03/07/2024 20:00
4,90,03/07/2024 21:00
4,91,03/07/2024 21:00
4,92,03/07/2024 21:00
4,93,03/07/2024 21:00
4,94,03/07/2024 21:00
4,95,03/07/2024 21:00
4,96,03/07/2024 21:00
4,97,03/07/2024 21:00
4,98,03/07/2024 21:00
4,99,03/07/2024 21:00
4,100,03/07/2024 21:00
5,1,03/07/2024 21:00
5,2,03/07/2024 21:00
5,3,03/07/2024 21:00
5,4,03/07/2024 21:00
5,6,03/07/2024 21:00
5,7,03/07/2024 22:00
5,8,03/07/2024 22:00
5,9,03/07/2024 22:00
5,10,03/07/2024 22:00
5,11,03/07/2024 22:00
5,12,03/07/2024 22:00
5,13,03/07/2024 22:00
5,14,03/07/2024 22:00
5,15,03/07/2024 22:00
5,16,03/07/2024 22:00
5,17,03/07/2024 22:00
5,18,03/07/2024 22:00
5,19,03/07/2024 22:00
5,20,03/07/2024 22:00
5,21,03/07/2024 22:00
5,22,03/07/2024 23:00
5,23,03/07/2024 23:00
5,24,03/07/2024 23:00
5,25,03/07/2024 23:00
5,26,03/07/2024 23:00
5,27,03/07/2024 23:00
5,28,03/07/2024 23:00
5,29,03/07/2024 23:00
5,30,03/07/2024 23:00
5,31,03/07/2024 23:00
5,32,03/07/2024 23:00
5,33,03/07/2024 23:00
5,34,03/07/2024 23:00
5,35,03/07/2024 23:00
5,36,03/07/2024 23:00
5,37,03/07/2024 23:00
5,38,03/07/2024 23:00
5,39,03/07/2024 23:00
5,40,04/07/2024 00:00
5,41,04/07/2024 00:00
5,42,04/07/2024 00:00
5,43,04/07/2024 00:00
5,44,04/07/2024 00:00
5,45,04/07/2024 00:00
5,46,04/07/2024 00:00
5,47,04/07/2024 00:00
5,48,04/07/2024 00:00
5,49,04/07/2024 00:00
5,50,04/07/2024 00:00
5,51,04/07/2024 00:00
5,52,04/07/2024 00:00
5,53,04/07/2024 00:00
5,54,04/07/2024 00:00
5,55,04/07/2024 00:00
5,56,04/07/2024 00:00
5,57,04/07/2024 01:00
5,58,04/07/2024 01:00
5,59,04/07/2024 01:00
5,60,04/07/2024 01:00
5,61,04/07/2024 01:00
5,62,04/07/2024 01:00
5,63,04/07/2024 01:00
5,64,04/07/2024 01:00
5,65,04/07/2024 01:00
5,66,04/07/2024 01:00
5,67,04/07/2024 01:00
5,68,04/07/2024 02:00
5,69,04/07/2024 02:00
5,70,04/07/2024 02:00
5,71,04/07/2024 02:00
5,72,04/07/2024 02:00
5,73,04/07/2024 02:00
5,74,04/07/2024 02:00
5,75,04/07/2024 02:00
5,76,04/07/2024 02:00
5,77,04/07/2024 02:00
5,78,04/07/2024 02:00
5,79,04/07/2024 03:00
5,80,04/07/2024 03:00
5,81,04/07/2024 03:00
5,82,04/07/2024 03:00
5,83,04/07/2024 03:00
5,84,04/07/2024 03:00
5,85,04/07/2024 03:00
5,86,04/07/2024 03:00
5,87,04/07/2024 03:00
5,88,04/07/2024 03:00
5,89,04/07/2024 03:00
5,90,04/07/2024 03:00
5,91,04/07/2024 04:00
5,92,04/07/2024 04:00
5,93,04/07/2024 04:00
5,94,04/07/2024 04:00
5,95,04/07/2024 04:00
5,96,04/07/2024 04:00
5,97,04/07/2024 04:00
5,98,04/07/2024 04:00
5,99,04/07/2024 04:00
5,100,04/07/2024 05:00
6,1,04/07/2024 05:00
6,2,04/07/2024 05:00
6,3,04/07/2024 05:00
6,4,04/07/2024 05:00
6,5,04/07/2024 05:00
6,7,04/07/2024 05:00
6,8,04/07/2024 05:00
6,9,04/07/2024 05:00
6,10,04/07/2024 05:00
6,11,04/07/2024 05:00
6,12,04/07/2024 05:00
6,13,04/07/2024 05:00
6,14,04/07/2024 06:00
6,15,04/07/2024 06:00
6,16,04/07/2024 06:00
6,17,04/07/2024 06:00
6,18,04/07/2024 06:00
6,19,04/07/2024 06:00
6,20,04/07/2024 06:00
6,21,04/07/2024 06:00
6,22,04/07/2024 06:00
6,23,04/07/2024 06:00
6,24,04/07/2024 06:00
6,25,04/07/2024 06:00
6,26,04/07/2024 06:00
6,27,04/07/2024 07:00
6,28,04/07/2024 07:00
6,29,04/07/2024 07:00
6,30,04/07/2024 07:00
6,31,04/07/2024 07:00
6,32,04/07/2024 07:00
6,33,04/07/2024 07:00
6,34,04/07/2024 07:00
6,35,04/07/2024 07:00
6,36,04/07/2024 07:00
6,37,04/07/2024 07:00
6,38,04/07/2024 07:00
6,39,04/07/2024 07:00
6,40,04/07/2024 07:00
6,41,04/07/2024 08:00
6,42,04/07/2024 08:00
6,43,04/07/2024 08:00
6,44,04/07/2024 08:00
6,45,04/07/2024 08:00
6,46,04/07/2024 08:00
6,47,04/07/2024 08:00
6,48,04/07/2024 08:00
6,49,04/07/2024 08:00
6,50,04/07/2024 08:00
6,51,04/07/2024 08:00
6,52,04/07/2024 08:00
6,53,04/07/2024 08:00
6,54,04/07/2024 08:00
6,55,04/07/2024 08:00
6,56,04/07/2024 09:00
6,57,04/07/2024 09:00
6,58,04/07/2024 09:00
6,59,04/07/2024 09:00
6,60,04/07/2024 09:00
6,61,04/07/2024 09:00
6,62,04/07/2024 09:00
6,63,04/07/2024 09:00
6,64,04/07/2024 09:00
6,65,04/07/2024 09:00
6,66,04/07/2024 09:00
6,67,04/07/2024 09:00
6,68,04/07/2024 09:00
6,69,04/07/2024 09:00
6,70,04/07/2024 09:00
6,71,04/07/2024 10:00
6,72,04/07/2024 10:00
6,73,04/07/2024 10:00
6,74,04/07/2024 10:00
6,75,04/07/2024 10:00
6,76,04/07/2024 10:00
6,77,04/07/2024 10:00
6,78,04/07/2024 10:00
6,79,04/07/2024 10:00
6,80,04/07/2024 10:00
6,81,04/07/2024 10:00
6,82,04/07/2024 10:00
6,83,04/07/2024 10:00
6,84,04/07/2024 10:00
6,85,04/07/2024 11:00
6,86,04/07/2024 11:00
6,87,04/07/2024 11:00
6,88,04/07/2024 11:00
6,89,04/07/2024 11:00
6,90,04/07/2024 11:00
6,91,04/07/2024 11:00
6,92,04/07/2024 11:00
6,93,04/07/2024 11:00
6,94,04/07/2024 11:00
6,95,04/07/2024 11:00
6,96,04/07/2024 11:00
6,97,04/07/2024 11:00
6,98,04/07/2024 11:00
6,99,04/07/2024 11:00
6,100,04/07/2024 11:00
8,1,04/07/2024 11:00
8,2,04/07/2024 11:00
8,3,04/07/2024 11:00
8,4,04/07/2024 11:00
8,5,04/07/2024 12:00
8,6,04/07/2024 12:00
8,7,04/07/2024 12:00
8,9,04/07/2024 12:00
8,10,04/07/2024 12:00
8,11,04/07/2024 12:00
8,12,04/07/2024 12:00
8,13,04/07/2024 12:00
8,14,04/07/2024 12:00
8,15,04/07/2024 12:00
8,16,04/07/2024 12:00
8,17,04/07/2024 12:00
8,18,04/07/2024 12:00
8,19,04/07/2024 12:00
8,20,04/07/2024 12:00
8,21,04/07/2024 12:00
8,22,04/07/2024 13:00
8,23,04/07/2024 13:00
8,24,04/07/2024 13:00
8,25,04/07/2024 13:00
8,26,04/07/2024 13:00
8,27,04/07/2024 13:00
8,28,04/07/2024 13:00
8,29,04/07/2024 13:00
8,30,04/07/2024 13:00
8,31,04/07/2024 13:00
8,32,04/07/2024 13:00
8,33,04/07/2024 13:00
8,34,04/07/2024 13:00
8,35,04/07/2024 13:00
8,36,04/07/2024 13:00
8,37,04/07/2024 13:00
8,38,04/07/2024 13:00
8,39,04/07/2024 13:00
8,40,04/07/2024 14:00
8,41,04/07/2024 14:00
8,42,04/07/2024 14:00
8,43,04/07/2024 14:00
8,44,04/07/2024 14:00
8,45,04/07/2024 14:00
8,46,04/07/2024 14:00
8,47,04/07/2024 14:00
8,48,04/07/2024 14:00
8,49,04/07/2024 14:00
8,50,04/07/2024 14:00
8,51,04/07/2024 14:00
8,52,04/07/2024 14:00
8,53,04/07/2024 14:00
8,54,04/07/2024 14:00
8,55,04/07/2024 14:00
8,56,04/07/2024 14:00
8,57,04/07/2024 14:00
8,58,04/07/2024 15:00
8,59,04/07/2024 15:00
8,60,04/07/2024 15:00
8,61,04/07/2024 15:00
8,62,04/07/2024 15:00
8,63,04/07/2024 15:00
8,64,04/07/2024 15:00
8,65,04/07/2024 15:00
8,66,04/07/2024 15:00
8,67,04/07/2024 15:00
8,68,04/07/2024 15:00
8,69,04/07/2024 15:00
8,70,04/07/2024 15:00
8,71,04/07/2024 15:00
8,72,04/07/2024 15:00
8,73,04/07/2024 16:00
8,74,04/07/2024 16:00
8,75,04/07/2024 16:00
8,76,04/07/2024 16:00
8,77,04/07/2024 16:00
8,78,04/07/2024 16:00
8,79,04/07/2024 16:00
8,80,04/07/2024 16:00
8,81,04/07/2024 16:00
8,82,04/07/2024 16:00
8,83,04/07/2024 16:00
8,84,04/07/2024 16:00
8,85,04/07/2024 16:00
8,86,04/07/2024 16:00
8,87,04/07/2024 16:00
8,88,04/07/2024 16:00
8,89,04/07/2024 16:00
8,90,04/07/2024 16:00
8,91,04/07/2024 16:00
8,92,04/07/2024 16:00
8,93,04/07/2024 16:00
8,94,04/07/2024 17:00
8,95,04/07/2024 17:00
8,96,04/07/2024 17:00
8,97,04/07/2024 17:00
8,98,04/07/2024 17:00
8,99,04/07/2024 17:00
8,100,04/07/2024 17:00
9,1,04/07/2024 17:00
9,2,04/07/2024 17:00
9,3,04/07/2024 17:00
9,4,04/07/2024 17:00
9,5,04/07/2024 17:00
9,6,04/07/2024 17:00
9,7,04/07/2024 17:00
9,8,04/07/2024 17:00
9,10,04/07/2024 18:00
9,11,04/07/2024 18:00
9,12,04/07/2024 18:00
9,13,04/07/2024 18:00
9,14,04/07/2024 18:00
9,15,04/07/2024 18:00
9,16,04/07/2024 18:00
9,17,04/07/2024 18:00
9,18,04/07/2024 18:00
9,19,04/07/2024 18:00
9,20,04/07/2024 18:00
9,21,04/07/2024 18:00
9,22,04/07/2024 18:00
9,23,04/07/2024 18:00
9,24,04/07/2024 19:00
9,25,04/07/2024 19:00
9,26,04/07/2024 19:00
9,27,04/07/2024 19:00
9,28,04/07/2024 19:00
9,29,04/07/2024 19:00
9,30,04/07/2024 19:00
9,31,04/07/2024 19:00
9,32,04/07/2024 19:00
9,33,04/07/2024 19:00
9,34,04/07/2024 20:00
9,35,04/07/2024 20:00
9,36,04/07/2024 20:00
9,37,04/07/2024 20:00
9,38,04/07/2024 20:00
9,39,04/07/2024 20:00
9,40,04/07/2024 20:00
9,41,04/07/2024 20:00
9,42,04/07/2024 20:00
9,43,04/07/2024 20:00
9,44,04/07/2024 21:00
9,45,04/07/2024 21:00
9,46,04/07/2024 21:00
9,47,04/07/2024 21:00
9,48,04/07/2024 21:00
9,49,04/07/2024 21:00
9,50,04/07/2024 21:00
9,51,04/07/2024 21:00
9,52,04/07/2024 21:00
9,53,04/07/2024 21:00
9,54,04/07/2024 21:00
9,55,04/07/2024 22:00
9,56,04/07/2024 22:00
9,57,04/07/2024 22:00
9,58,04/07/2024 22:00
9,59,04/07/2024 22:00
9,60,04/07/2024 22:00
9,61,04/07/2024 22:00
9,62,04/07/2024 22:00
9,63,04/07/2024 22:00
9,64,04/07/2024 22:00
9,65,04/07/2024 22:00
9,66,04/07/2024 22:00
9,67,04/07/2024 22:00
9,68,04/07/2024 22:00
9,69,04/07/2024 22:00
9,70,04/07/2024 22:00
9,71,04/07/2024 22:00
9,72,04/07/2024 23:00
9,73,04/07/2024 23:00
9,74,04/07/2024 23:00
9,75,04/07/2024 23:00
9,76,04/07/2024 23:00
9,77,04/07/2024 23:00
9,78,04/07/2024 23:00
9,79,05/07/2024 00:00
9,80,05/07/2024 00:00
9,81,05/07/2024 00:00
9,82,05/07/2024 00:00
9,83,05/07/2024 00:00
9,84,05/07/2024 00:00
9,85,05/07/2024 00:00
9,86,05/07/2024 00:00
9,87,05/07/2024 00:00
9,88,05/07/2024 00:00
9,89,05/07/2024 01:00
9,90,05/07/2024 01:00
9,91,05/07/2024 01:00
9,92,05/07/2024 01:00
9,93,05/07/2024 01:00
9,94,05/07/2024 01:00
9,95,05/07/2024 01:00
9,96,05/07/2024 01:00
9,97,05/07/2024 01:00
9,98,05/07/2024 01:00
9,99,05/07/2024 01:00
9,100,05/07/2024 01:00
10,1,05/07/2024 01:00
10,2,05/07/2024 02:00
10,3,05/07/2024 02:00
10,4,05/07/2024 02:00
10,5,05/07/2024 02:00
10,6,05/07/2024 02:00
10,7,05/07/2024 02:00
10,8,05/07/2024 02:00
10,9,05/07/2024 02:00
10,11,05/07/2024 02:00
10,12,05/07/2024 02:00
10,13,05/07/2024 02:00
10,14,05/07/2024 02:00
10,15,05/07/2024 03:00
10,16,05/07/2024 03:00
10,17,05/07/2024 03:00
10,18,05/07/2024 03:00
10,19,05/07/2024 03:00
10,20,05/07/2024 03:00
10,21,05/07/2024 03:00
10,22,05/07/2024 04:00
10,23,05/07/2024 04:00
10,24,05/07/2024 04:00
10,25,05/07/2024 04:00
10,26,05/07/2024 04:00
10,27,05/07/2024 04:00
10,28,05/07/2024 04:00
10,29,05/07/2024 04:00
10,30,05/07/2024 04:00
10,31,05/07/2024 04:00
10,32,05/07/2024 04:00
10,33,05/07/2024 04:00
10,34,05/07/2024 04:00
10,35,05/07/2024 04:00
10,36,05/07/2024 04:00
10,37,05/07/2024 05:00
10,38,05/07/2024 05:00
10,39,05/07/2024 05:00
10,40,05/07/2024 05:00
10,41,05/07/2024 05:00
10,42,05/07/2024 05:00
10,43,05/07/2024 05:00
10,44,05/07/2024 05:00
10,45,05/07/2024 05:00
10,46,05/07/2024 05:00
10,47,05/07/2024 05:00
10,48,05/07/2024 05:00
10,49,05/07/2024 05:00
10,50,05/07/2024 05:00
10,51,05/07/2024 05:00
10,52,05/07/2024 06:00
10,53,05/07/2024 06:00
10,54,05/07/2024 06:00
10,55,05/07/2024 06:00
10,56,05/07/2024 06:00
10,57,05/07/2024 06:00
10,58,05/07/2024 06:00
10,59,05/07/2024 06:00
10,60,05/07/2024 06:00
10,61,05/07/2024 07:00
10,62,05/07/2024 07:00
10,63,05/07/2024 07:00
10,64,05/07/2024 07:00
10,65,05/07/2024 07:00
10,66,05/07/2024 07:00
10,67,05/07/2024 07:00
10,68,05/07/2024 07:00
10,69,05/07/2024 07:00
10,70,05/07/2024 07:00
10,71,05/07/2024 07:00
10,72,05/07/2024 07:00
10,73,05/07/2024 07:00
10,74,05/07/2024 07:00
10,75,05/07/2024 08:00
10,76,05/07/2024 08:00
10,77,05/07/2024 08:00
10,78,05/07/2024 08:00
10,79,05/07/2024 08:00
10,80,05/07/2024 08:00
10,81,05/07/2024 08:00
10,82,05/07/2024 08:00
10,83,05/07/2024 08:00
10,84,05/07/2024 08:00
10,85,05/07/2024 08:00
10,86,05/07/2024 08:00
10,87,05/07/2024 08:00
10,88,05/07/2024 08:00
10,89,05/07/2024 08:00
10,90,05/07/2024 09:00
10,91,05/07/2024 09:00
10,92,05/07/2024 09:00
10,93,05/07/2024 09:00
10,94,05/07/2024 09:00
10,95,05/07/2024 09:00
10,96,05/07/2024 09:00
10,97,05/07/2024 09:00
10,98,05/07/2024 10:00
10,99,05/07/2024 10:00
10,100,05/07/2024 10:00
11,1,05/07/2024 10:00
11,2,05/07/2024 10:00
11,3,05/07/2024 10:00
11,4,05/07/2024 10:00
11,5,05/07/2024 10:00
11,6,05/07/2024 11:00
11,7,05/07/2024 11:00
11,8,05/07/2024 11:00
11,9,05/07/2024 11:00
11,10,05/07/2024 11:00
11,12,05/07/2024 11:00
11,13,05/07/2024 11:00
11,14,05/07/2024 11:00
11,15,05/07/2024 11:00
11,16,05/07/2024 12:00
11,17,05/07/2024 12:00
11,18,05/07/2024 12:00
11,19,05/07/2024 12:00
11,20,05/07/2024 12:00
11,21,05/07/2024 12:00
11,22,05/07/2024 12:00
11,23,05/07/2024 12:00
11,24,05/07/2024 12:00
11,25,05/07/2024 13:00
11,26,05/07/2024 13:00
11,27,05/07/2024 13:00
11,28,05/07/2024 13:00
11,29,05/07/2024 13:00
11,30,05/07/2024 13:00
11,31,05/07/2024 13:00
11,32,05/07/2024 13:00
11,33,05/07/2024 13:00
11,34,05/07/2024 13:00
11,35,05/07/2024 13:00
11,36,05/07/2024 14:00
11,37,05/07/2024 14:00
11,38,05/07/2024 14:00
11,39,05/07/2024 14:00
11,40,05/07/2024 14:00
11,41,05/07/2024 14:00
11,42,05/07/2024 14:00
11,43,05/07/2024 14:00
11,44,05/07/2024 14:00
11,45,05/07/2024 14:00
11,46,05/07/2024 14:00
11,47,05/07/2024 14:00
11,48,05/07/2024 15:00
11,49,05/07/2024 15:00
11,50,05/07/2024 15:00
11,51,05/07/2024 15:00
11,52,05/07/2024 15:00
11,53,05/07/2024 15:00
11,54,05/07/2024 16:00
11,55,05/07/2024 16:00
11,56,05/07/2024 16:00
11,57,05/07/2024 16:00
11,58,05/07/2024 16:00
11,59,05/07/2024 16:00
11,60,05/07/2024 17:00
11,61,05/07/2024 17:00
11,62,05/07/2024 17:00
11,63,05/07/2024 17:00
11,64,05/07/2024 17:00
11,65,05/07/2024 17:00
11,66,05/07/2024 18:00
11,67,05/07/2024 18:00
11,68,05/07/2024 18:00
11,69,05/07/2024 18:00
11,70,05/07/2024 18:00
11,71,05/07/2024 18:00
11,72,05/07/2024 18:00
11,73,05/07/2024 18:00
11,74,05/07/2024 18:00
11,75,05/07/2024 18:00
11,76,05/07/2024 19:00
11,77,05/07/2024 19:00
11,78,05/07/2024 19:00
11,79,05/07/2024 19:00
11,80,05/07/2024 19:00
11,81,05/07/2024 19:00
11,82,05/07/2024 20:00
11,83,05/07/2024 20:00
11,84,05/07/2024 20:00
11,85,05/07/2024 20:00
11,86,05/07/2024 21:00
11,87,05/07/2024 21:00
11,88,05/07/2024 21:00
11,89,05/07/2024 21:00
11,90,05/07/2024 21:00
11,91,05/07/2024 21:00
11,92,05/07/2024 21:00
11,93,05/07/2024 21:00
11,94,05/07/2024 21:00
11,95,05/07/2024 22:00
11,96,05/07/2024 22:00
11,97,05/07/2024 22:00
11,98,05/07/2024 22:00
11,99,05/07/2024 22:00
11,100,05/07/2024 22:00
12,1,05/07/2024 22:00
12,2,05/07/2024 22:00
12,3,05/07/2024 22:00
12,4,05/07/2024 23:00
12,5,05/07/2024 23:00
12,6,05/07/2024 23:00
12,7,05/07/2024 23:00
12,8,05/07/2024 23:00
12,9,05/07/2024 23:00
12,10,05/07/2024 23:00
12,11,05/07/2024 23:00
12,13,06/07/2024 00:00
12,14,06/07/2024 00:00
12,15,06/07/2024 00:00
12,16,06/07/2024 00:00
12,17,06/07/2024 00:00
12,18,06/07/2024 00:00
12,19,06/07/2024 00:00
12,20,06/07/2024 00:00
12,21,06/07/2024 00:00
12,22,06/07/2024 01:00
12,23,06/07/2024 01:00
12,24,06/07/2024 01:00
12,25,06/07/2024 02:00
12,26,06/07/2024 02:00
12,27,06/07/2024 02:00
12,28,06/07/2024 02:00
12,29,06/07/2024 02:00
12,30,06/07/2024 02:00
12,31,06/07/2024 03:00
12,32,06/07/2024 03:00
12,33,06/07/2024 03:00
12,34,06/07/2024 03:00
12,35,06/07/2024 03:00
12,36,06/07/2024 03:00
12,37,06/07/2024 04:00
12,38,06/07/2024 04:00
12,39,06/07/2024 04:00
12,40,06/07/2024 04:00
12,41,06/07/2024 04:00
12,42,06/07/2024 04:00
12,43,06/07/2024 04:00
12,44,06/07/2024 04:00
12,45,06/07/2024 05:00
12,46,06/07/2024 05:00
12,47,06/07/2024 05:00
12,48,06/07/2024 06:00
12,49,06/07/2024 06:00
12,50,06/07/2024 06:00
12,51,06/07/2024 06:00
12,52,06/07/2024 06:00
12,53,06/07/2024 06:00
12,54,06/07/2024 06:00
12,55,06/07/2024 06:00
12,56,06/07/2024 06:00
12,57,06/07/2024 07:00
12,58,06/07/2024 08:00
12,59,06/07/2024 08:00
12,60,06/07/2024 08:00
12,61,06/07/2024 09:00
12,62,06/07/2024 09:00
12,63,06/07/2024 09:00
12,64,06/07/2024 09:00
12,65,06/07/2024 10:00
12,66,06/07/2024 10:00
12,67,06/07/2024 11:00
12,68,06/07/2024 11:00
12,69,06/07/2024 12:00
12,70,06/07/2024 12:00
12,71,06/07/2024 12:00
12,72,06/07/2024 12:00
12,73,06/07/2024 12:00
12,74,06/07/2024 12:00
12,75,06/07/2024 13:00
12,76,06/07/2024 13:00
12,77,06/07/2024 13:00
12,78,06/07/2024 14:00
12,79,06/07/2024 15:00
12,80,06/07/2024 15:00
12,81,06/07/2024 15:00
12,82,06/07/2024 15:00
12,83,06/07/2024 16:00
12,84,06/07/2024 17:00
12,85,06/07/2024 17:00
12,86,06/07/2024 18:00
12,87,06/07/2024 18:00
12,88,06/07/2024 19:00
12,89,06/07/2024 20:00
12,90,06/07/2024 20:00
12,91,06/07/2024 21:00
12,92,06/07/2024 21:00
12,93,06/07/2024 22:00
12,94,06/07/2024 22:00
12,95,06/07/2024 23:00
12,96,07/07/2024 00:00
12,97,07/07/2024 01:00
12,98,07/07/2024 01:00
12,99,07/07/2024 02:00
12,100,07/07/2024 04:00
13,1,07/07/2024 04:00
13,2,07/07/2024 08:00
13,3,07/07/2024 09:00
13,4,07/07/2024 10:00
13,5,07/07/2024 13:00
13,6,07/07/2024 19:00
13,7,07/07/2024 22:00
13,8,07/07/2024 22:00
13,9,07/07/2024 23:00
13,10,07/07/2024 23:00
