user_id,photo_id,created_at
2,1,01/07/2024 05:00
2,4,01/07/2024 08:00
2,8,01/07/2024 09:00
2,9,01/07/2024 09:00
2,10,01/07/2024 13:00
2,11,01/07/2024 15:00
2,12,01/07/2024 17:00
2,13,01/07/2024 18:00
2,15,01/07/2024 19:00
2,23,01/07/2024 20:00
2,25,01/07/2024 20:00
2,27,01/07/2024 22:00
2,30,01/07/2024 22:00
2,34,02/07/2024 00:00
2,36,02/07/2024 02:00
2,39,02/07/2024 03:00
2,41,02/07/2024 05:00
2,43,02/07/2024 05:00
2,45,02/07/2024 06:00
2,48,02/07/2024 07:00
2,49,02/07/2024 07:00
2,50,02/07/2024 07:00
2,52,02/07/2024 07:00
2,53,02/07/2024 08:00
2,58,02/07/2024 08:00
2,62,02/07/2024 08:00
2,65,02/07/2024 09:00
2,69,02/07/2024 09:00
2,80,02/07/2024 10:00
2,84,02/07/2024 10:00
2,86,02/07/2024 10:00
2,89,02/07/2024 10:00
2,90,02/07/2024 11:00
2,91,02/07/2024 11:00
2,92,02/07/2024 12:00
2,99,02/07/2024 12:00
2,101,02/07/2024 13:00
2,103,02/07/2024 13:00
2,105,02/07/2024 13:00
2,107,02/07/2024 14:00
2,111,02/07/2024 14:00
2,112,02/07/2024 14:00
2,115,02/07/2024 15:00
2,117,02/07/2024 15:00
2,118,02/07/2024 15:00
2,119,02/07/2024 15:00
2,126,02/07/2024 15:00
2,127,02/07/2024 16:00
2,128,02/07/2024 16:00
2,138,02/07/2024 17:00
2,140,02/07/2024 17:00
2,142,02/07/2024 17:00
2,146,02/07/2024 17:00
2,154,02/07/2024 17:00
2,158,02/07/2024 17:00
2,161,02/07/2024 17:00
2,162,02/07/2024 18:00
2,165,02/07/2024 18:00
2,167,02/07/2024 18:00
2,170,02/07/2024 18:00
2,171,02/07/2024 18:00
2,174,02/07/2024 19:00
2,176,02/07/2024 19:00
2,178,02/07/2024 19:00
2,183,02/07/2024 19:00
2,186,02/07/2024 19:00
2,187,02/07/2024 20:00
2,189,02/07/2024 20:00
2,191,02/07/2024 20:00
2,192,02/07/2024 20:00
2,193,02/07/2024 20:00
2,195,02/07/2024 20:00
2,196,02/07/2024 20:00
2,198,02/07/2024 20:00
2,199,02/07/2024 21:00
2,201,02/07/2024 21:00
2,202,02/07/2024 22:00
2,205,02/07/2024 22:00
2,206,02/07/2024 22:00
2,207,02/07/2024 22:00
2,209,02/07/2024 22:00
2,210,02/07/2024 23:00
2,214,02/07/2024 23:00
2,220,02/07/2024 23:00
2,224,02/07/2024 23:00
2,227,02/07/2024 23:00
2,230,02/07/2024 23:00
2,232,02/07/2024 23:00
2,234,02/07/2024 23:00
2,236,03/07/2024 00:00
2,240,03/07/2024 00:00
2,241,03/07/2024 01:00
2,246,03/07/2024 01:00
2,247,03/07/2024 01:00
3,2,03/07/2024 01:00
3,7,03/07/2024 01:00
3,9,03/07/2024 01:00
3,23,03/07/2024 01:00
3,26,03/07/2024 01:00
3,28,03/07/2024 01:00
3,29,03/07/2024 02:00
3,30,03/07/2024 02:00
3,36,03/07/2024 02:00
3,38,03/07/2024 02:00
3,41,03/07/2024 02:00
3,49,03/07/2024 02:00
3,52,03/07/2024 02:00
3,54,03/07/2024 03:00
3,56,03/07/2024 03:00
3,58,03/07/2024 03:00
3,61,03/07/2024 04:00
3,62,03/07/2024 04:00
3,63,03/07/2024 04:00
3,65,03/07/2024 04:00
3,66,03/07/2024 04:00
3,67,03/07/2024 04:00
3,69,03/07/2024 04:00
3,71,03/07/2024 05:00
3,73,03/07/2024 05:00
3,75,03/07/2024 05:00
3,76,03/07/2024 05:00
3,83,03/07/2024 05:00
3,92,03/07/2024 05:00
3,93,03/07/2024 05:00
3,100,03/07/2024 05:00
3,101,03/07/2024 05:00
3,102,03/07/2024 06:00
3,103,03/07/2024 06:00
3,104,03/07/2024 06:00
3,105,03/07/2024 06:00
3,108,03/07/2024 06:00
3,109,03/07/2024 06:00
3,111,03/07/2024 07:00
3,115,03/07/2024 07:00
3,118,03/07/2024 07:00
3,119,03/07/2024 07:00
3,128,03/07/2024 07:00
3,132,03/07/2024 07:00
3,133,03/07/2024 07:00
3,134,03/07/2024 07:00
3,135,03/07/2024 07:00
3,145,03/07/2024 08:00
3,147,03/07/2024 08:00
3,150,03/07/2024 08:00
3,153,03/07/2024 08:00
3,154,03/07/2024 08:00
3,158,03/07/2024 09:00
3,159,03/07/2024 09:00
3,160,03/07/2024 09:00
3,162,03/07/2024 09:00
3,169,03/07/2024 09:00
3,171,03/07/2024 09:00
3,172,03/07/2024 09:00
3,174,03/07/2024 09:00
3,182,03/07/2024 09:00
3,186,03/07/2024 09:00
3,189,03/07/2024 09:00
3,199,03/07/2024 09:00
3,205,03/07/2024 10:00
3,209,03/07/2024 10:00
3,211,03/07/2024 10:00
3,212,03/07/2024 10:00
3,223,03/07/2024 10:00
3,225,03/07/2024 10:00
3,233,03/07/2024 10:00
3,234,03/07/2024 10:00
3,235,03/07/2024 10:00
3,238,03/07/2024 10:00
3,246,03/07/2024 10:00
3,248,03/07/2024 10:00
3,253,03/07/2024 10:00
3,256,03/07/2024 11:00
3,257,03/07/2024 11:00
4,3,03/07/2024 11:00
4,4,03/07/2024 11:00
4,5,03/07/2024 11:00
4,6,03/07/2024 11:00
4,7,03/07/2024 11:00
4,10,03/07/2024 11:00
4,17,03/07/2024 11:00
4,19,03/07/2024 11:00
4,20,03/07/2024 11:00
4,22,03/07/2024 12:00
4,24,03/07/2024 12:00
4,29,03/07/2024 12:00
4,31,03/07/2024 12:00
4,37,03/07/2024 12:00
4,39,03/07/2024 12:00
4,42,03/07/2024 12:00
4,43,03/07/2024 12:00
4,46,03/07/2024 12:00
4,47,03/07/2024 12:00
4,48,03/07/2024 12:00
4,49,03/07/2024 12:00
4,55,03/07/2024 12:00
4,63,03/07/2024 12:00
4,64,03/07/2024 12:00
4,65,03/07/2024 12:00
4,66,03/07/2024 12:00
4,70,03/07/2024 13:00
4,71,03/07/2024 13:00
4,76,03/07/2024 13:00
4,77,03/07/2024 13:00
4,82,03/07/2024 13:00
4,84,03/07/2024 13:00
4,94,03/07/2024 13:00
4,95,03/07/2024 13:00
4,100,03/07/2024 13:00
4,101,03/07/2024 14:00
4,102,03/07/2024 14:00
4,107,03/07/2024 14:00
4,109,03/07/2024 14:00
4,110,03/07/2024 14:00
4,113,03/07/2024 14:00
4,114,03/07/2024 14:00
4,115,03/07/2024 14:00
4,116,03/07/2024 14:00
4,118,03/07/2024 14:00
4,119,03/07/2024 14:00
4,120,03/07/2024 14:00
4,121,03/07/2024 15:00
4,124,03/07/2024 15:00
4,127,03/07/2024 15:00
4,128,03/07/2024 15:00
4,129,03/07/2024 15:00
4,130,03/07/2024 15:00
4,131,03/07/2024 15:00
4,138,03/07/2024 15:00
4,140,03/07/2024 15:00
4,142,03/07/2024 15:00
4,145,03/07/2024 15:00
4,146,03/07/2024 16:00
4,147,03/07/2024 16:00
4,150,03/07/2024 16:00
4,156,03/07/2024 16:00
4,157,03/07/2024 16:00
4,158,03/07/2024 16:00
4,162,03/07/2024 16:00
4,166,03/07/2024 16:00
4,172,03/07/2024 16:00
4,173,03/07/2024 16:00
4,175,03/07/2024 17:00
4,180,03/07/2024 17:00
4,181,03/07/2024 17:00
4,191,03/07/2024 17:00
4,197,03/07/2024 17:00
4,199,03/07/2024 17:00
4,201,03/07/2024 17:00
4,204,03/07/2024 17:00
4,209,03/07/2024 17:00
4,210,03/07/2024 18:00
4,211,03/07/2024 18:00
4,219,03/07/2024 18:00
4,220,03/07/2024 18:00
4,221,03/07/2024 18:00
4,225,03/07/2024 18:00
4,235,03/07/2024 18:00
4,236,03/07/2024 18:00
4,242,03/07/2024 18:00
4,244,03/07/2024 18:00
4,248,03/07/2024 18:00
4,249,03/07/2024 18:00
4,250,03/07/2024 18:00
4,252,03/07/2024 18:00
4,253,03/07/2024 19:00
4,256,03/07/2024 19:00
5,1,03/07/2024 19:00
5,2,03/07/2024 19:00
5,3,03/07/2024 19:00
5,4,03/07/2024 19:00
5,5,03/07/2024 19:00
5,6,03/07/2024 19:00
5,7,03/07/2024 19:00
5,8,03/07/2024 19:00
5,9,03/07/2024 19:00
5,10,03/07/2024 19:00
5,11,03/07/2024 19:00
5,12,03/07/2024 20:00
5,13,03/07/2024 20:00
5,14,03/07/2024 20:00
5,15,03/07/2024 20:00
5,16,03/07/2024 20:00
5,17,03/07/2024 20:00
5,18,03/07/2024 20:00
5,19,03/07/2024 20:00
5,20,03/07/2024 20:00
5,21,03/07/2024 21:00
5,22,03/07/2024 21:00
5,23,03/07/2024 21:00
5,24,03/07/2024 21:00
5,25,03/07/2024 21:00
5,26,03/07/2024 21:00
5,27,03/07/2024 21:00
5,28,03/07/2024 21:00
5,29,03/07/2024 21:00
5,30,03/07/2024 21:00
5,31,03/07/2024 21:00
5,32,03/07/2024 21:00
5,33,03/07/2024 21:00
5,34,03/07/2024 21:00
5,35,03/07/2024 21:00
5,36,03/07/2024 21:00
5,37,03/07/2024 22:00
5,38,03/07/2024 22:00
5,39,03/07/2024 22:00
5,40,03/07/2024 22:00
5,41,03/07/2024 22:00
5,42,03/07/2024 22:00
5,43,03/07/2024 22:00
5,44,03/07/2024 22:00
5,45,03/07/2024 22:00
5,46,03/07/2024 22:00
5,47,03/07/2024 22:00
5,48,03/07/2024 22:00
5,49,03/07/2024 22:00
5,50,03/07/2024 22:00
5,51,03/07/2024 22:00
5,52,03/07/2024 23:00
5,53,03/07/2024 23:00
5,54,03/07/2024 23:00
5,55,03/07/2024 23:00
5,56,03/07/2024 23:00
5,57,03/07/2024 23:00
5,58,03/07/2024 23:00
5,59,03/07/2024 23:00
5,60,03/07/2024 23:00
5,61,03/07/2024 23:00
5,62,03/07/2024 23:00
5,63,03/07/2024 23:00
5,64,03/07/2024 23:00
5,65,03/07/2024 23:00
5,66,03/07/2024 23:00
5,67,03/07/2024 23:00
5,68,03/07/2024 23:00
5,69,03/07/2024 23:00
5,70,04/07/2024 00:00
5,71,04/07/2024 00:00
5,72,04/07/2024 00:00
5,73,04/07/2024 00:00
5,74,04/07/2024 00:00
5,75,04/07/2024 00:00
5,76,04/07/2024 00:00
5,77,04/07/2024 00:00
5,78,04/07/2024 00:00
5,79,04/07/2024 00:00
5,80,04/07/2024 00:00
5,81,04/07/2024 00:00
5,82,04/07/2024 00:00
5,83,04/07/2024 00:00
5,84,04/07/2024 00:00
5,85,04/07/2024 00:00
5,86,04/07/2024 00:00
5,87,04/07/2024 01:00
5,88,04/07/2024 01:00
5,89,04/07/2024 01:00
5,90,04/07/2024 01:00
5,91,04/07/2024 01:00
5,92,04/07/2024 01:00
5,93,04/07/2024 01:00
5,94,04/07/2024 01:00
5,95,04/07/2024 01:00
5,96,04/07/2024 01:00
5,97,04/07/2024 01:00
5,98,04/07/2024 02:00
5,99,04/07/2024 02:00
5,100,04/07/2024 02:00
5,101,04/07/2024 02:00
5,102,04/07/2024 02:00
5,103,04/07/2024 02:00
5,104,04/07/2024 02:00
5,105,04/07/2024 02:00
5,106,04/07/2024 02:00
5,107,04/07/2024 02:00
5,108,04/07/2024 02:00
5,109,04/07/2024 03:00
5,110,04/07/2024 03:00
5,111,04/07/2024 03:00
5,112,04/07/2024 03:00
5,113,04/07/2024 03:00
5,114,04/07/2024 03:00
5,115,04/07/2024 03:00
5,116,04/07/2024 03:00
5,117,04/07/2024 03:00
5,118,04/07/2024 03:00
5,119,04/07/2024 03:00
5,120,04/07/2024 03:00
5,121,04/07/2024 04:00
5,122,04/07/2024 04:00
5,123,04/07/2024 04:00
5,124,04/07/2024 04:00
5,125,04/07/2024 04:00
5,126,04/07/2024 04:00
5,127,04/07/2024 04:00
5,128,04/07/2024 04:00
5,129,04/07/2024 04:00
5,130,04/07/2024 05:00
5,131,04/07/2024 05:00
5,132,04/07/2024 05:00
5,133,04/07/2024 05:00
5,134,04/07/2024 05:00
5,135,04/07/2024 05:00
5,136,04/07/2024 05:00
5,137,04/07/2024 05:00
5,138,04/07/2024 05:00
5,139,04/07/2024 05:00
5,140,04/07/2024 05:00
5,141,04/07/2024 05:00
5,142,04/07/2024 05:00
5,143,04/07/2024 06:00
5,144,04/07/2024 06:00
5,145,04/07/2024 06:00
5,146,04/07/2024 06:00
5,147,04/07/2024 06:00
5,148,04/07/2024 06:00
5,149,04/07/2024 06:00
5,150,04/07/2024 06:00
5,151,04/07/2024 06:00
5,152,04/07/2024 06:00
5,153,04/07/2024 06:00
5,154,04/07/2024 06:00
5,155,04/07/2024 06:00
5,156,04/07/2024 07:00
5,157,04/07/2024 07:00
5,158,04/07/2024 07:00
5,159,04/07/2024 07:00
5,160,04/07/2024 07:00
5,161,04/07/2024 07:00
5,162,04/07/2024 07:00
5,163,04/07/2024 07:00
5,164,04/07/2024 07:00
5,165,04/07/2024 07:00
5,166,04/07/2024 07:00
5,167,04/07/2024 07:00
5,168,04/07/2024 07:00
5,169,04/07/2024 07:00
5,170,04/07/2024 08:00
5,171,04/07/2024 08:00
5,172,04/07/2024 08:00
5,173,04/07/2024 08:00
5,174,04/07/2024 08:00
5,175,04/07/2024 08:00
5,176,04/07/2024 08:00
5,177,04/07/2024 08:00
5,178,04/07/2024 08:00
5,179,04/07/2024 08:00
5,180,04/07/2024 08:00
5,181,04/07/2024 08:00
5,182,04/07/2024 08:00
5,183,04/07/2024 08:00
5,184,04/07/2024 08:00
5,185,04/07/2024 09:00
5,186,04/07/2024 09:00
5,187,04/07/2024 09:00
5,188,04/07/2024 09:00
5,189,04/07/2024 09:00
5,190,04/07/2024 09:00
5,191,04/07/2024 09:00
5,192,04/07/2024 09:00
5,193,04/07/2024 09:00
5,194,04/07/2024 09:00
5,195,04/07/2024 09:00
5,196,04/07/2024 09:00
5,197,04/07/2024 09:00
5,198,04/07/2024 09:00
5,199,04/07/2024 09:00
5,200,04/07/2024 10:00
5,201,04/07/2024 10:00
5,202,04/07/2024 10:00
5,203,04/07/2024 10:00
5,204,04/07/2024 10:00
5,205,04/07/2024 10:00
5,206,04/07/2024 10:00
5,207,04/07/2024 10:00
5,208,04/07/2024 10:00
5,209,04/07/2024 10:00
5,210,04/07/2024 10:00
5,211,04/07/2024 10:00
5,212,04/07/2024 10:00
5,213,04/07/2024 10:00
5,214,04/07/2024 11:00
5,215,04/07/2024 11:00
5,216,04/07/2024 11:00
5,217,04/07/2024 11:00
5,218,04/07/2024 11:00
5,219,04/07/2024 11:00
5,220,04/07/2024 11:00
5,221,04/07/2024 11:00
5,222,04/07/2024 11:00
5,223,04/07/2024 11:00
5,224,04/07/2024 11:00
5,225,04/07/2024 11:00
5,226,04/07/2024 11:00
5,227,04/07/2024 11:00
5,228,04/07/2024 11:00
5,229,04/07/2024 11:00
5,230,04/07/2024 11:00
5,231,04/07/2024 11:00
5,232,04/07/2024 11:00
5,233,04/07/2024 11:00
5,234,04/07/2024 12:00
5,235,04/07/2024 12:00
5,236,04/07/2024 12:00
5,237,04/07/2024 12:00
5,238,04/07/2024 12:00
5,239,04/07/2024 12:00
5,240,04/07/2024 12:00
5,241,04/07/2024 12:00
5,242,04/07/2024 12:00
5,243,04/07/2024 12:00
5,244,04/07/2024 12:00
5,245,04/07/2024 12:00
5,246,04/07/2024 12:00
5,247,04/07/2024 12:00
5,248,04/07/2024 12:00
5,249,04/07/2024 12:00
5,250,04/07/2024 13:00
5,251,04/07/2024 13:00
5,252,04/07/2024 13:00
5,253,04/07/2024 13:00
5,254,04/07/2024 13:00
5,255,04/07/2024 13:00
5,256,04/07/2024 13:00
5,257,04/07/2024 13:00
6,2,04/07/2024 13:00
6,5,04/07/2024 13:00
6,9,04/07/2024 13:00
6,11,04/07/2024 13:00
6,13,04/07/2024 13:00
6,19,04/07/2024 13:00
6,24,04/07/2024 13:00
6,28,04/07/2024 13:00
6,29,04/07/2024 13:00
6,30,04/07/2024 13:00
6,36,04/07/2024 14:00
6,37,04/07/2024 14:00
6,40,04/07/2024 14:00
6,41,04/07/2024 14:00
6,43,04/07/2024 14:00
6,45,04/07/2024 14:00
6,47,04/07/2024 14:00
6,50,04/07/2024 14:00
6,55,04/07/2024 14:00
6,56,04/07/2024 14:00
6,57,04/07/2024 14:00
6,59,04/07/2024 14:00
6,61,04/07/2024 14:00
6,64,04/07/2024 14:00
6,66,04/07/2024 14:00
6,68,04/07/2024 14:00
6,75,04/07/2024 14:00
6,78,04/07/2024 14:00
6,80,04/07/2024 15:00
6,82,04/07/2024 15:00
6,84,04/07/2024 15:00
6,87,04/07/2024 15:00
6,91,04/07/2024 15:00
6,93,04/07/2024 15:00
6,96,04/07/2024 15:00
6,97,04/07/2024 15:00
6,98,04/07/2024 15:00
6,99,04/07/2024 15:00
6,100,04/07/2024 15:00
6,104,04/07/2024 15:00
6,107,04/07/2024 15:00
6,109,04/07/2024 15:00
6,111,04/07/2024 15:00
6,117,04/07/2024 16:00
6,118,04/07/2024 16:00
6,119,04/07/2024 16:00
6,120,04/07/2024 16:00
6,122,04/07/2024 16:00
6,123,04/07/2024 16:00
6,126,04/07/2024 16:00
6,127,04/07/2024 16:00
6,133,04/07/2024 16:00
6,142,04/07/2024 16:00
6,144,04/07/2024 16:00
6,145,04/07/2024 16:00
6,149,04/07/2024 16:00
6,156,04/07/2024 16:00
6,163,04/07/2024 16:00
6,172,04/07/2024 16:00
6,173,04/07/2024 16:00
6,178,04/07/2024 16:00
6,181,04/07/2024 16:00
6,183,04/07/2024 16:00
6,187,04/07/2024 16:00
6,197,04/07/2024 17:00
6,207,04/07/2024 17:00
6,217,04/07/2024 17:00
6,220,04/07/2024 17:00
6,221,04/07/2024 17:00
6,223,04/07/2024 17:00
6,230,04/07/2024 17:00
6,231,04/07/2024 17:00
6,233,04/07/2024 17:00
6,237,04/07/2024 17:00
6,239,04/07/2024 17:00
6,241,04/07/2024 17:00
6,244,04/07/2024 17:00
6,245,04/07/2024 17:00
6,249,04/07/2024 17:00
6,252,04/07/2024 18:00
6,254,04/07/2024 18:00
6,255,04/07/2024 18:00
8,2,04/07/2024 18:00
8,16,04/07/2024 18:00
8,22,04/07/2024 18:00
8,26,04/07/2024 18:00
8,29,04/07/2024 18:00
8,30,04/07/2024 18:00
8,32,04/07/2024 18:00
8,35,04/07/2024 18:00
8,36,04/07/2024 18:00
8,38,04/07/2024 18:00
8,42,04/07/2024 18:00
8,45,04/07/2024 19:00
8,50,04/07/2024 19:00
8,55,04/07/2024 19:00
8,57,04/07/2024 19:00
8,59,04/07/2024 19:00
8,60,04/07/2024 19:00
8,64,04/07/2024 19:00
8,66,04/07/2024 19:00
8,70,04/07/2024 19:00
8,74,04/07/2024 19:00
8,75,04/07/2024 20:00
8,76,04/07/2024 20:00
8,84,04/07/2024 20:00
8,89,04/07/2024 20:00
8,97,04/07/2024 20:00
8,98,04/07/2024 20:00
8,100,04/07/2024 20:00
8,101,04/07/2024 20:00
8,102,04/07/2024 20:00
8,103,04/07/2024 20:00
8,104,04/07/2024 21:00
8,108,04/07/2024 21:00
8,110,04/07/2024 21:00
8,111,04/07/2024 21:00
8,123,04/07/2024 21:00
8,124,04/07/2024 21:00
8,125,04/07/2024 21:00
8,128,04/07/2024 21:00
8,129,04/07/2024 21:00
8,131,04/07/2024 21:00
8,135,04/07/2024 21:00
8,138,04/07/2024 22:00
8,141,04/07/2024 22:00
8,144,04/07/2024 22:00
8,147,04/07/2024 22:00
8,149,04/07/2024 22:00
8,150,04/07/2024 22:00
8,154,04/07/2024 22:00
8,155,04/07/2024 22:00
8,156,04/07/2024 22:00
8,157,04/07/2024 22:00
8,160,04/07/2024 22:00
8,161,04/07/2024 22:00
8,163,04/07/2024 22:00
8,174,04/07/2024 22:00
8,183,04/07/2024 22:00
8,185,04/07/2024 22:00
8,186,04/07/2024 22:00
8,187,04/07/2024 23:00
8,189,04/07/2024 23:00
8,191,04/07/2024 23:00
8,194,04/07/2024 23:00
8,197,04/07/2024 23:00
8,199,04/07/2024 23:00
8,201,04/07/2024 23:00
8,202,05/07/2024 00:00
8,203,05/07/2024 00:00
8,210,05/07/2024 00:00
8,219,05/07/2024 00:00
8,220,05/07/2024 00:00
8,226,05/07/2024 00:00
8,227,05/07/2024 00:00
8,233,05/07/2024 00:00
8,234,05/07/2024 00:00
8,242,05/07/2024 00:00
8,245,05/07/2024 01:00
8,247,05/07/2024 01:00
8,249,05/07/2024 01:00
9,1,05/07/2024 01:00
9,7,05/07/2024 01:00
9,10,05/07/2024 01:00
9,20,05/07/2024 01:00
9,21,05/07/2024 01:00
9,23,05/07/2024 01:00
9,27,05/07/2024 01:00
9,28,05/07/2024 01:00
9,30,05/07/2024 01:00
9,31,05/07/2024 01:00
9,36,05/07/2024 02:00
9,40,05/07/2024 02:00
9,45,05/07/2024 02:00
9,47,05/07/2024 02:00
9,48,05/07/2024 02:00
9,51,05/07/2024 02:00
9,53,05/07/2024 02:00
9,54,05/07/2024 02:00
9,61,05/07/2024 02:00
9,62,05/07/2024 02:00
9,63,05/07/2024 02:00
9,65,05/07/2024 02:00
9,68,05/07/2024 03:00
9,73,05/07/2024 03:00
9,76,05/07/2024 03:00
9,77,05/07/2024 03:00
9,78,05/07/2024 03:00
9,80,05/07/2024 03:00
9,81,05/07/2024 03:00
9,82,05/07/2024 04:00
9,84,05/07/2024 04:00
9,87,05/07/2024 04:00
9,89,05/07/2024 04:00
9,90,05/07/2024 04:00
9,91,05/07/2024 04:00
9,96,05/07/2024 04:00
9,97,05/07/2024 04:00
9,98,05/07/2024 04:00
9,100,05/07/2024 04:00
9,104,05/07/2024 04:00
9,106,05/07/2024 04:00
9,110,05/07/2024 04:00
9,113,05/07/2024 04:00
9,116,05/07/2024 04:00
9,120,05/07/2024 05:00
9,121,05/07/2024 05:00
9,127,05/07/2024 05:00
9,129,05/07/2024 05:00
9,133,05/07/2024 05:00
9,139,05/07/2024 05:00
9,143,05/07/2024 05:00
9,149,05/07/2024 05:00
9,156,05/07/2024 05:00
9,158,05/07/2024 05:00
9,161,05/07/2024 05:00
9,163,05/07/2024 05:00
9,167,05/07/2024 05:00
9,168,05/07/2024 05:00
9,170,05/07/2024 05:00
9,177,05/07/2024 06:00
9,178,05/07/2024 06:00
9,181,05/07/2024 06:00
9,185,05/07/2024 06:00
9,186,05/07/2024 06:00
9,189,05/07/2024 06:00
9,190,05/07/2024 06:00
9,198,05/07/2024 06:00
9,201,05/07/2024 06:00
9,202,05/07/2024 07:00
9,205,05/07/2024 07:00
9,207,05/07/2024 07:00
9,213,05/07/2024 07:00
9,215,05/07/2024 07:00
9,217,05/07/2024 07:00
9,218,05/07/2024 07:00
9,223,05/07/2024 07:00
9,230,05/07/2024 07:00
9,235,05/07/2024 07:00
9,239,05/07/2024 07:00
9,241,05/07/2024 07:00
9,244,05/07/2024 07:00
9,247,05/07/2024 07:00
9,250,05/07/2024 08:00
9,252,05/07/2024 08:00
9,253,05/07/2024 08:00
10,1,05/07/2024 08:00
10,4,05/07/2024 08:00
10,10,05/07/2024 08:00
10,11,05/07/2024 08:00
10,15,05/07/2024 08:00
10,16,05/07/2024 08:00
10,18,05/07/2024 08:00
10,19,05/07/2024 08:00
10,21,05/07/2024 08:00
10,25,05/07/2024 08:00
10,27,05/07/2024 08:00
10,33,05/07/2024 08:00
10,38,05/07/2024 09:00
10,40,05/07/2024 09:00
10,42,05/07/2024 09:00
10,44,05/07/2024 09:00
10,55,05/07/2024 09:00
10,57,05/07/2024 09:00
10,58,05/07/2024 09:00
10,59,05/07/2024 09:00
10,62,05/07/2024 10:00
10,63,05/07/2024 10:00
10,71,05/07/2024 10:00
10,72,05/07/2024 10:00
10,75,05/07/2024 10:00
10,77,05/07/2024 10:00
10,78,05/07/2024 10:00
10,80,05/07/2024 10:00
10,81,05/07/2024 11:00
10,82,05/07/2024 11:00
10,85,05/07/2024 11:00
10,88,05/07/2024 11:00
10,93,05/07/2024 11:00
10,100,05/07/2024 11:00
10,102,05/07/2024 11:00
10,107,05/07/2024 11:00
10,109,05/07/2024 11:00
10,110,05/07/2024 12:00
10,111,05/07/2024 12:00
10,120,05/07/2024 12:00
10,122,05/07/2024 12:00
10,128,05/07/2024 12:00
10,133,05/07/2024 12:00
10,134,05/07/2024 12:00
10,135,05/07/2024 12:00
10,139,05/07/2024 12:00
10,143,05/07/2024 13:00
10,144,05/07/2024 13:00
10,148,05/07/2024 13:00
10,150,05/07/2024 13:00
10,152,05/07/2024 13:00
10,154,05/07/2024 13:00
10,158,05/07/2024 13:00
10,163,05/07/2024 13:00
10,170,05/07/2024 13:00
10,173,05/07/2024 13:00
10,174,05/07/2024 13:00
10,175,05/07/2024 14:00
10,180,05/07/2024 14:00
10,185,05/07/2024 14:00
10,186,05/07/2024 14:00
10,191,05/07/2024 14:00
10,193,05/07/2024 14:00
10,194,05/07/2024 14:00
10,201,05/07/2024 14:00
10,205,05/07/2024 14:00
10,206,05/07/2024 14:00
10,207,05/07/2024 14:00
10,208,05/07/2024 14:00
10,214,05/07/2024 15:00
10,215,05/07/2024 15:00
10,218,05/07/2024 15:00
10,222,05/07/2024 15:00
10,225,05/07/2024 15:00
10,228,05/07/2024 15:00
10,230,05/07/2024 16:00
10,235,05/07/2024 16:00
10,236,05/07/2024 16:00
10,237,05/07/2024 16:00
10,241,05/07/2024 16:00
10,242,05/07/2024 16:00
10,243,05/07/2024 17:00
10,244,05/07/2024 17:00
10,245,05/07/2024 17:00
10,254,05/07/2024 17:00
10,255,05/07/2024 17:00
10,257,05/07/2024 17:00
11,1,05/07/2024 18:00
11,4,05/07/2024 18:00
11,5,05/07/2024 18:00
11,13,05/07/2024 18:00
11,14,05/07/2024 18:00
11,17,05/07/2024 18:00
11,27,05/07/2024 18:00
11,32,05/07/2024 18:00
11,33,05/07/2024 18:00
11,37,05/07/2024 18:00
11,38,05/07/2024 19:00
11,39,05/07/2024 19:00
11,40,05/07/2024 19:00
11,42,05/07/2024 19:00
11,45,05/07/2024 19:00
11,48,05/07/2024 19:00
11,49,05/07/2024 20:00
11,51,05/07/2024 20:00
11,52,05/07/2024 20:00
11,54,05/07/2024 20:00
11,55,05/07/2024 21:00
11,60,05/07/2024 21:00
11,62,05/07/2024 21:00
11,63,05/07/2024 21:00
11,64,05/07/2024 21:00
11,67,05/07/2024 21:00
11,69,05/07/2024 21:00
11,71,05/07/2024 21:00
11,72,05/07/2024 21:00
11,73,05/07/2024 22:00
11,74,05/07/2024 22:00
11,75,05/07/2024 22:00
11,77,05/07/2024 22:00
11,79,05/07/2024 22:00
11,83,05/07/2024 22:00
11,87,05/07/2024 22:00
11,95,05/07/2024 22:00
11,100,05/07/2024 22:00
11,102,05/07/2024 23:00
11,109,05/07/2024 23:00
11,110,05/07/2024 23:00
11,112,05/07/2024 23:00
11,114,05/07/2024 23:00
11,116,05/07/2024 23:00
11,117,05/07/2024 23:00
11,118,05/07/2024 23:00
11,119,06/07/2024 00:00
11,121,06/07/2024 00:00
11,124,06/07/2024 00:00
11,126,06/07/2024 00:00
11,129,06/07/2024 00:00
11,131,06/07/2024 00:00
11,133,06/07/2024 00:00
11,137,06/07/2024 00:00
11,138,06/07/2024 00:00
11,141,06/07/2024 01:00
11,145,06/07/2024 01:00
11,147,06/07/2024 01:00
11,148,06/07/2024 02:00
11,153,06/07/2024 02:00
11,164,06/07/2024 02:00
11,165,06/07/2024 02:00
11,166,06/07/2024 02:00
11,167,06/07/2024 02:00
11,170,06/07/2024 03:00
11,171,06/07/2024 03:00
11,173,06/07/2024 03:00
11,174,06/07/2024 03:00
11,178,06/07/2024 03:00
11,179,06/07/2024 03:00
11,181,06/07/2024 04:00
11,182,06/07/2024 04:00
11,186,06/07/2024 04:00
11,188,06/07/2024 04:00
11,189,06/07/2024 04:00
11,191,06/07/2024 04:00
11,198,06/07/2024 04:00
11,201,06/07/2024 04:00
11,204,06/07/2024 05:00
11,205,06/07/2024 05:00
11,209,06/07/2024 05:00
11,219,06/07/2024 06:00
11,244,06/07/2024 06:00
11,248,06/07/2024 06:00
11,250,06/07/2024 06:00
11,251,06/07/2024 06:00
11,253,06/07/2024 06:00
11,254,06/07/2024 06:00
11,255,06/07/2024 06:00
12,3,06/07/2024 06:00
12,4,06/07/2024 07:00
12,7,06/07/2024 08:00
12,12,06/07/2024 08:00
12,18,06/07/2024 08:00
12,20,06/07/2024 09:00
12,23,06/07/2024 09:00
12,28,06/07/2024 09:00
12,29,06/07/2024 09:00
12,33,06/07/2024 10:00
12,37,06/07/2024 10:00
12,41,06/07/2024 11:00
12,43,06/07/2024 11:00
12,45,06/07/2024 12:00
12,46,06/07/2024 12:00
12,48,06/07/2024 12:00
12,49,06/07/2024 12:00
12,50,06/07/2024 12:00
12,54,06/07/2024 12:00
12,59,06/07/2024 13:00
12,61,06/07/2024 13:00
12,65,06/07/2024 13:00
12,70,06/07/2024 14:00
12,72,06/07/2024 15:00
12,74,06/07/2024 15:00
12,82,06/07/2024 15:00
12,83,06/07/2024 15:00
12,86,06/07/2024 16:00
12,92,06/07/2024 17:00
12,95,06/07/2024 17:00
12,109,06/07/2024 18:00
12,114,06/07/2024 18:00
12,115,06/07/2024 19:00
12,116,06/07/2024 20:00
12,119,06/07/2024 20:00
12,122,06/07/2024 21:00
12,123,06/07/2024 21:00
12,140,06/07/2024 22:00
12,141,06/07/2024 22:00
12,143,06/07/2024 23:00
12,147,07/07/2024 00:00
12,150,07/07/2024 01:00
12,152,07/07/2024 01:00
12,160,07/07/2024 02:00
12,161,07/07/2024 04:00
12,164,07/07/2024 04:00
12,165,07/07/2024 08:00
12,166,07/07/2024 09:00
12,172,07/07/2024 10:00
12,173,07/07/2024 13:00
12,174,07/07/2024 19:00
12,177,07/07/2024 22:00
12,187,07/07/2024 22:00
12,192,07/07/2024 23:00
12,195,07/07/2024 23:00
